{
  "project_info": {
    "project_number": "485857241747",
    "firebase_url": "https://doctor-2cd46.firebaseio.com",
    "project_id": "doctor-2cd46",
    "storage_bucket": "doctor-2cd46.appspot.com"
  },
  "client": [
    {
      "client_info": {
        "mobilesdk_app_id": "1:485857241747:android:cf32d68f402a7bf9",
        "android_client_info": {
          "package_name": "com.example.surjendubarik.doctors"
        }
      },
      "oauth_client": [
        {
          "client_id": "485857241747-7b3ui844lshsjib812q7a6gr9n0ktfnm.apps.googleusercontent.com",
          "client_type": 3
        }
      ],
      "api_key": [
        {
          "current_key": "AIzaSyBNHAYYNHBAzas6W0hmZ05odZLTbLj1Zqs"
        }
      ],
      "services": {
        "analytics_service": {
          "status": 1
        },
        "appinvite_service": {
          "status": 1,
          "other_platform_oauth_client": []
        },
        "ads_service": {
          "status": 2
        }
      }
    }
  ],
  "configuration_version": "1"
}